Date,Africa
20200120,0
20200124,0
20200126,0
20200127,0
20200130,0
20200131,0
20200201,0
20200202,0
20200203,0
20200205,0
20200206,0
20200207,0
20200209,0
20200221,0
20200222,0
20200223,0
20200224,0
20200225,0
20200227,0
20200229,0
20200301,0
20200302,0
20200304,0
20200307,0
20200308,0
20200309,0
20200310,0
20200311,0
20200312,0
20200313,0
20200314,0
20200315,0
20200316,0
20200317,2
20200318,0
20200319,0
20200320,0
20200321,0
20200322,0
20200323,0
20200324,0
20200325,0
20200326,0
20200327,0
20200328,0
20200329,0
20200330,0
20200331,1
20200401,0
20200402,0
20200403,0
20200404,0
20200405,0
20200406,0
20200407,0
20200408,0
20200409,0
20200410,0
20200411,0
20200412,0
20200413,0
20200414,0
20200415,0
20200416,0
20200417,0
20200418,0
20200419,0
20200420,0
20200421,0
20200422,0
20200423,0
20200424,0
20200425,0
20200426,0
20200427,0
20200428,0
20200429,0
20200430,0
20200501,0
20200502,0
20200503,0
20200504,0
20200505,0
